{
    "name": "root",
    "gauges": {
        "MyBehavior.Policy.Entropy.mean": {
            "value": 1.4226255416870117,
            "min": 1.4177956581115723,
            "max": 1.4236918687820435,
            "count": 10
        },
        "MyBehavior.Policy.Entropy.sum": {
            "value": 71128.4296875,
            "min": 70915.3046875,
            "max": 71186.015625,
            "count": 10
        },
        "MyBehavior.Environment.EpisodeLength.mean": {
            "value": 14.634146341463415,
            "min": 14.211503347534997,
            "max": 14.799368088467615,
            "count": 10
        },
        "MyBehavior.Environment.EpisodeLength.sum": {
            "value": 46800.0,
            "min": 46699.0,
            "max": 46851.0,
            "count": 10
        },
        "MyBehavior.Step.mean": {
            "value": 499997.0,
            "min": 49998.0,
            "max": 499997.0,
            "count": 10
        },
        "MyBehavior.Step.sum": {
            "value": 499997.0,
            "min": 49998.0,
            "max": 499997.0,
            "count": 10
        },
        "MyBehavior.Policy.ExtrinsicValueEstimate.mean": {
            "value": -1.435829997062683,
            "min": -2.19627046585083,
            "max": -1.0706135034561157,
            "count": 10
        },
        "MyBehavior.Policy.ExtrinsicValueEstimate.sum": {
            "value": -4591.7841796875,
            "min": -7014.8876953125,
            "max": -3388.49169921875,
            "count": 10
        },
        "MyBehavior.Environment.CumulativeReward.mean": {
            "value": -0.1998311792260934,
            "min": -1.4224131765127634,
            "max": -0.05393052647275759,
            "count": 10
        },
        "MyBehavior.Environment.CumulativeReward.sum": {
            "value": -639.0601111650467,
            "min": -4503.360116839409,
            "max": -170.69011628627777,
            "count": 10
        },
        "MyBehavior.Policy.ExtrinsicReward.mean": {
            "value": -0.1998311792260934,
            "min": -1.4224131765127634,
            "max": -0.05393052647275759,
            "count": 10
        },
        "MyBehavior.Policy.ExtrinsicReward.sum": {
            "value": -639.0601111650467,
            "min": -4503.360116839409,
            "max": -170.69011628627777,
            "count": 10
        },
        "MyBehavior.Losses.PolicyLoss.mean": {
            "value": 0.021209181217321505,
            "min": 0.021209181217321505,
            "max": 0.0267238531888385,
            "count": 10
        },
        "MyBehavior.Losses.PolicyLoss.sum": {
            "value": 0.10604590608660752,
            "min": 0.09220538997809247,
            "max": 0.1336192659441925,
            "count": 10
        },
        "MyBehavior.Losses.ValueLoss.mean": {
            "value": 12.23081958134969,
            "min": 10.546363004048665,
            "max": 12.492088216145834,
            "count": 10
        },
        "MyBehavior.Losses.ValueLoss.sum": {
            "value": 61.154097906748454,
            "min": 42.18545201619466,
            "max": 62.46044108072917,
            "count": 10
        },
        "MyBehavior.Policy.LearningRate.mean": {
            "value": 1.7140414286559992e-05,
            "min": 1.7140414286559992e-05,
            "max": 0.00028462455512515,
            "count": 10
        },
        "MyBehavior.Policy.LearningRate.sum": {
            "value": 8.570207143279996e-05,
            "min": 8.570207143279996e-05,
            "max": 0.0012848352717215999,
            "count": 10
        },
        "MyBehavior.Policy.Epsilon.mean": {
            "value": 0.10571344,
            "min": 0.10571344,
            "max": 0.19487485,
            "count": 10
        },
        "MyBehavior.Policy.Epsilon.sum": {
            "value": 0.5285672,
            "min": 0.45974659999999995,
            "max": 0.9282784000000001,
            "count": 10
        },
        "MyBehavior.Policy.Beta.mean": {
            "value": 0.000295100656,
            "min": 0.000295100656,
            "max": 0.0047442550150000005,
            "count": 10
        },
        "MyBehavior.Policy.Beta.sum": {
            "value": 0.00147550328,
            "min": 0.00147550328,
            "max": 0.021421092160000002,
            "count": 10
        },
        "MyBehavior.IsTraining.mean": {
            "value": 1.0,
            "min": 1.0,
            "max": 1.0,
            "count": 10
        },
        "MyBehavior.IsTraining.sum": {
            "value": 1.0,
            "min": 1.0,
            "max": 1.0,
            "count": 10
        }
    },
    "metadata": {
        "timer_format_version": "0.1.0",
        "start_time_seconds": "1649311425",
        "python_version": "3.8.10 (default, Mar 15 2022, 12:22:08) \n[GCC 9.4.0]",
        "command_line_arguments": "/home/aaron/.local/bin/mlagents-learn --run-id=DeeperLonger --force",
        "mlagents_version": "0.28.0",
        "mlagents_envs_version": "0.28.0",
        "communication_protocol_version": "1.5.0",
        "pytorch_version": "1.8.1+cu102",
        "numpy_version": "1.22.2",
        "end_time_seconds": "1649313432"
    },
    "total": 2006.5361713800012,
    "count": 1,
    "self": 0.004355315999418963,
    "children": {
        "run_training.setup": {
            "total": 0.039966333999473136,
            "count": 1,
            "self": 0.039966333999473136
        },
        "TrainerController.start_learning": {
            "total": 2006.4918497300023,
            "count": 1,
            "self": 4.886820802850707,
            "children": {
                "TrainerController._reset_env": {
                    "total": 8.288134046997584,
                    "count": 1,
                    "self": 8.288134046997584
                },
                "TrainerController.advance": {
                    "total": 1993.290149276152,
                    "count": 525811,
                    "self": 5.035380823268497,
                    "children": {
                        "env_step": {
                            "total": 1885.12591701754,
                            "count": 525811,
                            "self": 1571.7368725780107,
                            "children": {
                                "SubprocessEnvManager._take_step": {
                                    "total": 310.11674737706926,
                                    "count": 525811,
                                    "self": 15.693940188160923,
                                    "children": {
                                        "TorchPolicy.evaluate": {
                                            "total": 294.42280718890834,
                                            "count": 500017,
                                            "self": 92.91135578112153,
                                            "children": {
                                                "TorchPolicy.sample_actions": {
                                                    "total": 201.5114514077868,
                                                    "count": 500017,
                                                    "self": 201.5114514077868
                                                }
                                            }
                                        }
                                    }
                                },
                                "workers": {
                                    "total": 3.272297062459984,
                                    "count": 525811,
                                    "self": 0.0,
                                    "children": {
                                        "worker_root": {
                                            "total": 1997.630147227479,
                                            "count": 525811,
                                            "is_parallel": true,
                                            "self": 649.1741416806253,