{
    "name": "root",
    "gauges": {
        "MyBehavior.Policy.Entropy.mean": {
            "value": 1.425013780593872,
            "min": 1.4188646078109741,
            "max": 1.425158143043518,
            "count": 88
        },
        "MyBehavior.Policy.Entropy.sum": {
            "value": 7122.21875,
            "min": 6960.5126953125,
            "max": 7289.65771484375,
            "count": 88
        },
        "MyBehavior.Environment.EpisodeLength.mean": {
            "value": 597.0,
            "min": 418.1666666666667,
            "max": 1999.0,
            "count": 88
        },
        "MyBehavior.Environment.EpisodeLength.sum": {
            "value": 5373.0,
            "min": 3432.0,
            "max": 6721.0,
            "count": 88
        },
        "MyBehavior.Step.mean": {
            "value": 439892.0,
            "min": 4905.0,
            "max": 439892.0,
            "count": 88
        },
        "MyBehavior.Step.sum": {
            "value": 439892.0,
            "min": 4905.0,
            "max": 439892.0,
            "count": 88
        },
        "MyBehavior.Policy.ExtrinsicValueEstimate.mean": {
            "value": 0.19242197275161743,
            "min": -0.24093440175056458,
            "max": 0.19242197275161743,
            "count": 88
        },
        "MyBehavior.Policy.ExtrinsicValueEstimate.sum": {
            "value": 8.466567039489746,
            "min": -9.637375831604004,
            "max": 8.466567039489746,
            "count": 88
        },
        "MyBehavior.Environment.CumulativeReward.mean": {
            "value": 26.282223489549423,
            "min": -182.46001521746317,
            "max": 73.40666898091634,
            "count": 88
        },
        "MyBehavior.Environment.CumulativeReward.sum": {
            "value": 236.54001140594482,
            "min": -547.3800456523895,
            "max": 301.7300112247467,
            "count": 88
        },
        "MyBehavior.Policy.ExtrinsicReward.mean": {
            "value": 26.282223489549423,
            "min": -182.46001521746317,
            "max": 73.40666898091634,
            "count": 88
        },
        "MyBehavior.Policy.ExtrinsicReward.sum": {
            "value": 236.54001140594482,
            "min": -547.3800456523895,
            "max": 301.7300112247467,
            "count": 88
        },
        "MyBehavior.IsTraining.mean": {
            "value": 1.0,
            "min": 1.0,
            "max": 1.0,
            "count": 88
        },
        "MyBehavior.IsTraining.sum": {
            "value": 1.0,
            "min": 1.0,
            "max": 1.0,
            "count": 88
        },
        "MyBehavior.Losses.PolicyLoss.mean": {
            "value": 0.019704099456430414,
            "min": 0.012197414063848555,
            "max": 0.03615257322089747,
            "count": 86
        },
        "MyBehavior.Losses.PolicyLoss.sum": {
            "value": 0.019704099456430414,
            "min": 0.012197414063848555,
            "max": 0.03615257322089747,
            "count": 86
        },
        "MyBehavior.Losses.ValueLoss.mean": {
            "value": 0.217536049336195,
            "min": 0.043093571439385414,
            "max": 0.3864035427570343,
            "count": 86
        },
        "MyBehavior.Losses.ValueLoss.sum": {
            "value": 0.217536049336195,
            "min": 0.043093571439385414,
            "max": 0.3864035427570343,
            "count": 86
        },
        "MyBehavior.Policy.LearningRate.mean": {
            "value": 4.9782297435405995e-05,
            "min": 4.9782297435405995e-05,
            "max": 4.9997483505033004e-05,
            "count": 86
        },
        "MyBehavior.Policy.LearningRate.sum": {
            "value": 4.9782297435405995e-05,
            "min": 4.9782297435405995e-05,
            "max": 4.9997483505033004e-05,
            "count": 86
        },
        "MyBehavior.Policy.Epsilon.mean": {
            "value": 0.1,
            "min": 0.1,
            "max": 0.1,
            "count": 86
        },
        "MyBehavior.Policy.Epsilon.sum": {
            "value": 0.1,
            "min": 0.1,
            "max": 0.1,
            "count": 86
        },
        "MyBehavior.Policy.Beta.mean": {
            "value": 0.004978273240600001,
            "min": 0.004978273240600001,
            "max": 0.0049997488533,
            "count": 86
        },
        "MyBehavior.Policy.Beta.sum": {
            "value": 0.004978273240600001,
            "min": 0.004978273240600001,
            "max": 0.0049997488533,
            "count": 86
        }
    },
    "metadata": {
        "timer_format_version": "0.1.0",
        "start_time_seconds": "1649380407",
        "python_version": "3.8.10 (default, Mar 15 2022, 12:22:08) \n[GCC 9.4.0]",
        "command_line_arguments": "/home/aaron/.local/bin/mlagents-learn first.yaml --run-id=DeeperLonger3 --force",
        "mlagents_version": "0.28.0",
        "mlagents_envs_version": "0.28.0",
        "communication_protocol_version": "1.5.0",
        "pytorch_version": "1.8.1+cu102",
        "numpy_version": "1.22.2",
        "end_time_seconds": "1649382468"
    },
    "total": 2060.708824321002,
    "count": 1,
    "self": 0.0035602549905888736,
    "children": {
        "run_training.setup": {
            "total": 0.042817637004191056,
            "count": 1,
            "self": 0.042817637004191056
        },
        "TrainerController.start_learning": {
            "total": 2060.662446429007,
            "count": 1,
            "self": 5.963657792919548,
            "children": {
                "TrainerController._reset_env": {
                    "total": 7.336207257001661,
                    "count": 1,
                    "self": 7.336207257001661
                },
                "TrainerController.advance": {
                    "total": 2047.3130677250883,
                    "count": 443660,
                    "self": 2.89779344292765,
                    "children": {
                        "env_step": {
                            "total": 2044.4152742821607,
                            "count": 443660,
                            "self": 1639.9909289726493,
                            "children": {
                                "SubprocessEnvManager._take_step": {
                                    "total": 401.1757036973286,
                                    "count": 443660,
                                    "self": 15.238946183380904,
                                    "children": {
                                        "TorchPolicy.evaluate": {
                                            "total": 385.93675751394767,
                                            "count": 443311,
                                            "self": 106.83246197647532,
                                            "children": {
                                                "TorchPolicy.sample_actions": {
                                                    "total": 279.10429553747235,
                                                    "count": 443311,
                                                    "self": 279.10429553747235
                                                }
                                            }
                                        }
                                    }
                                },
                                "workers": {
                                    "total": 3.248641612182837,
                                    "count": 443659,
                                    "self": 0.0,
                                    "children": {
                                        "worker_root": {
                                            "total": 2049.072704469232,
                                            "count": 443659,
                                            "is_parallel": true,
                                            "self": 632.7996636963362,